date,t,o,h,l,c,v
2010-04-01,1270132200,0.7278329730033875,0.9380000233650208,0.6901670098304749,0.7471669912338257,99570000.0
2010-05-01,1272724200,0.7576670050621033,0.8140000104904175,0.41666701436042786,0.6028329730033875,318234000.0
2010-06-01,1275402600,0.5989999771118164,0.7131670117378235,0.45683300495147705,0.47166699171066284,229428000.0
2010-07-01,1277994600,0.4749999940395355,0.6471670269966125,0.4345000088214874,0.5351669788360596,259140000.0
2010-08-01,1280673000,0.5621669888496399,0.5716670155525208,0.3548330068588257,0.360166996717453,326472000.0
2010-09-01,1283351400,0.37483298778533936,0.550000011920929,0.37483298778533936,0.5195000171661377,598842000.0
2010-10-01,1285943400,0.5321670174598694,0.6299999952316284,0.475832998752594,0.6251670122146606,457140000.0
2010-11-01,1288621800,0.6296669840812683,0.7638329863548279,0.6039999723434448,0.7145000100135803,343548000.0
2010-12-01,1291213800,0.7498329877853394,0.881833016872406,0.7498329877853394,0.8331670165061951,216054000.0
2011-01-01,1293892200,0.8495000004768372,1.1039999723434448,0.828000009059906,1.0061670541763306,284616000.0
2011-02-01,1296570600,1.0360000133514404,1.25600004196167,0.9816669821739197,1.1221669912338257,393660000.0
2011-03-01,1298989800,1.137166976928711,1.1741670370101929,0.7823330163955688,0.9573330283164978,847884000.0
2011-04-01,1301668200,0.9785000085830688,1.0341670513153076,0.839667022228241,1.024999976158142,531240000.0
2011-05-01,1304260200,1.034999966621399,1.034999966621399,0.8199999928474426,0.9541670083999634,480426000.0
2011-06-01,1306938600,0.9468330144882202,0.9468330144882202,0.6438329815864563,0.7633330225944519,499716000.0
2011-07-01,1309530600,0.7691670060157776,0.8316670060157776,0.602666974067688,0.6305000185966492,559614000.0
2011-08-01,1312209000,0.6568329930305481,0.666333019733429,0.35499998927116394,0.4566670060157776,862842000.0
2011-09-01,1314887400,0.4573329985141754,0.5733330249786377,0.36466699838638306,0.38350000977516174,1202796000.0
2011-10-01,1317479400,0.37583300471305847,0.5985000133514404,0.32600000500679016,0.5479999780654907,1059132000.0
2011-11-01,1320157800,0.5031669735908508,0.5824999809265137,0.37633299827575684,0.47483301162719727,764424000.0
2011-12-01,1322749800,0.475832998752594,0.5131670236587524,0.36500000953674316,0.43266698718070984,535038000.0
2012-01-01,1325428200,0.46000000834465027,0.6543329954147339,0.4313330054283142,0.6053329706192017,450888000.0
2012-02-01,1328106600,0.6256669759750366,0.7459999918937683,0.6226670145988464,0.6731669902801514,437322000.0
2012-03-01,1330612200,0.6851670145988464,0.7674999833106995,0.5665000081062317,0.7336670160293579,454008000.0
2012-04-01,1333290600,0.7283329963684082,0.7403330206871033,0.5336670279502869,0.6051669716835022,477246000.0
2012-05-01,1335882600,0.6050000190734863,0.6273329854011536,0.4099999964237213,0.4253329932689667,584400000.0
2012-06-01,1338561000,0.40400001406669617,0.4981670081615448,0.36033299565315247,0.4699999988079071,664848000.0
2012-07-01,1341153000,0.47916701436042786,0.4894999861717224,0.3403330147266388,0.46050000190734863,797940000.0
2012-08-01,1343831400,0.4681670069694519,0.5566669702529907,0.4406670033931732,0.507332980632782,415860000.0
2012-09-01,1346509800,0.5059999823570251,0.5619999766349792,0.4148330092430115,0.4493330121040344,385338000.0
2012-10-01,1349101800,0.4569999873638153,0.47633299231529236,0.37333300709724426,0.3953329920768738,513318000.0
2012-11-01,1351780200,0.4000000059604645,0.4538330137729645,0.34116700291633606,0.4173330068588257,698598000.0
2012-12-01,1354372200,0.4251669943332672,0.48283299803733826,0.40549999475479126,0.44816699624061584,397878000.0
2013-01-01,1357050600,0.47533300518989563,0.5720000267028809,0.47166699171066284,0.5536670088768005,413106000.0
2013-02-01,1359729000,0.5673329830169678,0.6449999809265137,0.5538330078125,0.6221669912338257,323064000.0
2013-03-01,1362148200,0.5926669836044312,0.6813330054283142,0.5761669874191284,0.6470000147819519,330492000.0
2013-04-01,1364826600,0.637499988079071,0.6753330230712891,0.5326669812202454,0.6753330230712891,420462000.0
2013-05-01,1367418600,0.6786670088768005,0.8309999704360962,0.6541669964790344,0.7979999780654907,275646000.0
2013-06-01,1370097000,0.7948330044746399,0.8560000061988831,0.6833329796791077,0.7820000052452087,296952000.0
2013-07-01,1372689000,0.7878329753875732,0.9113330245018005,0.7549999952316284,0.8271669745445251,258066000.0
2013-08-01,1375367400,0.8546670079231262,0.8736670017242432,0.6938329935073853,0.7269999980926514,161382000.0
2013-09-01,1378045800,0.7605000138282776,0.9458330273628235,0.7341669797897339,0.8939999938011169,137160000.0
2013-10-01,1380637800,0.8998330235481262,0.992667019367218,0.831833004951477,0.9753329753875732,138294000.0
2013-11-01,1383316200,0.9831669926643372,1.0093330144882202,0.8999999761581421,0.9965000152587891,84456000.0
2013-12-01,1385908200,1.0053329467773438,1.151332974433899,0.961667001247406,1.150333046913147,85752000.0
2014-01-01,1388586600,1.1286669969558716,1.225000023841858,1.057332992553711,1.1009999513626099,109278000.0
2014-02-01,1391265000,1.0985000133514404,1.3678330183029175,1.0023330450057983,1.3333330154418945,110760000.0
2014-03-01,1393684200,1.2934999465942383,1.5333329439163208,1.2725000381469727,1.4984999895095825,119016000.0
2014-04-01,1396362600,1.5308330059051514,1.6118329763412476,1.2799999713897705,1.3968329429626465,160704000.0
2014-05-01,1398954600,1.3990000486373901,1.593999981880188,1.3255000114440918,1.5821670293807983,98988000.0
2014-06-01,1401633000,1.6096669435501099,1.9041670560836792,1.5674999952316284,1.8846670389175415,126126000.0
2014-07-01,1404225000,1.898332953453064,2.0358328819274902,1.6143330335617065,1.6263329982757568,163020000.0
2014-08-01,1406903400,1.6166670322418213,1.9816670417785645,1.5583330392837524,1.9636670351028442,122274000.0
2014-09-01,1409581800,1.9765000343322754,2.0931670665740967,1.8320000171661377,1.8945000171661377,128382000.0
2014-10-01,1412173800,1.8858330249786377,1.8858330249786377,1.1446670293807983,1.8416670560836792,522528000.0
2014-11-01,1414852200,1.8731670379638672,2.2771670818328857,1.7661670446395874,2.25,172890000.0
2014-12-01,1417444200,2.232332944869995,2.444667100906372,1.9733330011367798,2.246999979019165,248802000.0
2015-01-01,1420122600,2.2871670722961426,2.322000026702881,1.9033329486846924,1.9129999876022339,225918000.0
2015-02-01,1422801000,1.9320000410079956,2.545833110809326,1.805999994277954,2.503833055496216,147966000.0
2015-03-01,1425220200,2.558666944503784,2.7131669521331787,1.9424999952316284,2.2673330307006836,203106000.0
2015-04-01,1427898600,2.246500015258789,2.4719998836517334,2.108833074569702,2.1741669178009033,166662000.0
2015-05-01,1430490600,2.1958329677581787,2.8006670475006104,2.124666929244995,2.760667085647583,147348000.0
2015-06-01,1433169000,2.807332992553711,2.830667018890381,2.063999891281128,2.0946669578552246,144126000.0
2015-07-01,1435761000,2.1726670265197754,2.191333055496216,1.6466670036315918,1.7740000486373901,179967000.0
2015-08-01,1438439400,1.7619999647140503,1.8306670188903809,1.003999948501587,1.4673329591751099,226162500.0
2015-09-01,1441117800,1.3466670513153076,1.6206669807434082,1.1893329620361328,1.3733329772949219,203449500.0
2015-10-01,1443709800,1.3706669807434082,1.9986670017242432,1.2566670179367065,1.7966669797897339,180703500.0
2015-11-01,1446388200,1.8140000104904175,1.9193329811096191,1.6213330030441284,1.9160000085830688,103807500.0
2015-12-01,1448980200,1.9273329973220825,2.049999952316284,1.684000015258789,1.7846670150756836,117133500.0
2016-01-01,1451658600,1.6826670169830322,1.745332956314087,1.0640000104904175,1.3673330545425415,174742500.0
2016-02-01,1454337000,1.3386670351028442,1.4839999675750732,0.9886670112609863,1.4106669425964355,242413500.0
2016-03-01,1456842600,1.463333010673523,1.863332986831665,1.440000057220459,1.8006670475006104,221101500.0
2016-04-01,1459521000,1.7746670246124268,1.8613330125808716,1.50600004196167,1.5466669797897339,133296000.0
2016-05-01,1462113000,1.5526670217514038,1.968000054359436,1.4066669940948486,1.9620000123977661,131076000.0
2016-06-01,1464791400,1.9626669883728027,2.1026670932769775,1.5066670179367065,1.8580000400543213,135954000.0
2016-07-01,1467383400,1.8046669960021973,2.6606669425964355,1.6206669807434082,2.50333309173584,127260000.0
2016-08-01,1470061800,2.5366671085357666,2.9433329105377197,2.3540000915527344,2.868666887283325,95271000.0
2016-09-01,1472740200,2.874000072479248,3.2660000324249268,2.433332920074463,3.2073330879211426,117265500.0
2016-10-01,1475332200,3.2133328914642334,3.312666893005371,2.698667049407959,3.051332950592041,102103500.0
2016-11-01,1478010600,3.0773329734802246,3.8559999465942383,2.768666982650757,3.7139999866485596,101550000.0
2016-12-01,1480602600,3.700666904449463,4.328000068664551,3.1046669483184814,3.8066670894622803,113779500.0
2017-01-01,1483281000,3.9086670875549316,4.52066707611084,3.689332962036133,4.27400016784668,88821000.0
2017-02-01,1485959400,4.441332817077637,4.944666862487793,4.311333179473877,4.619332790374756,82638000.0
2017-03-01,1488378600,4.793333053588867,5.326000213623047,4.519999980926514,5.221333026885986,99286500.0
2017-04-01,1491057000,5.251333236694336,5.389999866485596,4.447999954223633,5.0960001945495605,100662000.0
2017-05-01,1493649000,5.1533331871032715,6.632667064666748,4.993332862854004,6.457333087921143,112050000.0
2017-06-01,1496327400,6.486000061035156,7.53866720199585,5.27666711807251,5.433332920074463,230478000.0
2017-07-01,1498919400,5.531332969665527,6.820666790008545,5.199999809265137,6.21133279800415,167601000.0
2017-08-01,1501597800,6.25600004196167,6.691332817077637,5.657332897186279,6.670000076293945,126865500.0
2017-09-01,1504276200,6.75,7.702000141143799,6.233333110809326,7.684000015258789,118192500.0
2017-10-01,1506868200,7.751999855041504,9.956000328063965,7.659333229064941,9.86400032043457,125503500.0
2017-11-01,1509546600,10.111332893371582,11.453332901000977,9.22266674041748,9.713333129882812,210793500.0
2017-12-01,1512138600,9.419333457946777,10.083333015441895,8.338000297546387,9.19333267211914,178774500.0
2018-01-01,1514817000,9.350000381469727,12.496000289916992,9.303999900817871,11.593999862670898,199356000.0
2018-02-01,1517495400,11.266667366027832,12.170000076293945,7.820666790008545,11.261333465576172,226401000.0
2018-03-01,1519914600,11.281999588012695,13.933333396911621,9.421333312988281,10.187999725341797,284514000.0
2018-04-01,1522593000,9.880000114440918,10.737333297729492,7.710667133331299,8.12733268737793,338175000.0
2018-05-01,1525185000,8.066666603088379,11.501333236694336,8.014666557312012,11.013999938964844,260533500.0
2018-06-01,1527863400,11.2586669921875,12.519332885742188,9.053999900817871,9.433333396911621,212377500.0
2018-07-01,1530455400,9.185333251953125,11.045332908630371,8.97933292388916,10.481332778930664,221089500.0
2018-08-01,1533133800,10.552666664123535,11.420000076293945,9.053333282470703,11.199999809265137,199201500.0
2018-09-01,1535812200,11.0513334274292,11.526000022888184,9.25333309173584,10.307332992553711,157458000.0
2018-10-01,1538404200,10.392666816711426,10.816666603088379,5.415999889373779,6.702667236328125,340362000.0
2018-11-01,1541082600,6.794666767120361,7.691999912261963,5.556666851043701,7.125999927520752,249478500.0
2018-12-01,1543674600,7.797332763671875,7.861332893371582,4.425333023071289,5.554666996002197,326733000.0
2019-01-01,1546353000,5.180666923522949,7.3420000076293945,4.672667026519775,7.095333099365234,333502500.0
2019-02-01,1549031400,7.1066670417785645,9.220666885375977,7.1066670417785645,8.449333190917969,211873500.0
2019-03-01,1551450600,8.702667236328125,10.34866714477539,7.380000114440918,9.169333457946777,300042000.0
2019-04-01,1554129000,9.577333450317383,13.76200008392334,9.456000328063965,12.536666870117188,255684000.0
2019-05-01,1556721000,12.934000015258789,13.106666564941406,6.9033331871032715,7.066667079925537,398112000.0
2019-06-01,1559399400,7.331999778747559,10.157333374023438,7.010000228881836,9.88599967956543,332881500.0
2019-07-01,1561991400,11.180000305175781,13.473999977111816,9.458666801452637,11.486666679382324,261241500.0
2019-08-01,1564669800,11.36400032043457,12.312666893005371,8.70199966430664,10.329999923706055,371331000.0
2019-09-01,1567348200,10.000666618347168,12.937999725341797,9.62399959564209,11.347999572753906,213268500.0
2019-10-01,1569940200,11.573332786560059,14.165332794189453,10.145999908447266,13.218000411987305,345141000.0
2019-11-01,1572618600,13.595333099365234,15.866666793823242,13.434666633605957,14.762666702270508,221895000.0
2019-12-01,1575210600,14.774666786193848,18.99066734313965,12.979999542236328,18.321332931518555,209683500.0
2020-01-01,1577889000,19.0086669921875,22.066667556762695,16.034000396728516,16.24066734313965,264643500.0
2020-02-01,1580567400,16.468000411987305,21.906667709350586,11.446666717529297,13.666666984558105,402867000.0
2020-03-01,1583073000,14.5,15.822667121887207,3.566667079925537,6.315999984741211,1043461500.0
2020-04-01,1585751400,5.687333106994629,9.850000381469727,5.1066670417785645,8.734000205993652,1017538500.0
2020-05-01,1588343400,8.133333206176758,10.418000221252441,7.133999824523926,10.27400016784668,832542000.0
2020-06-01,1591021800,10.071999549865723,13.466667175292969,9.866666793823242,12.547332763671875,587976000.0
2020-07-01,1593613800,12.555333137512207,15.475333213806152,11.989333152770996,15.100666999816895,437146500.0
2020-08-01,1596292200,15.390666961669922,18.19333267211914,15.334667205810547,17.80666732788086,280240500.0
2020-09-01,1598970600,18.126667022705078,20.75933265686035,13.894000053405762,16.87933349609375,383335500.0
2020-10-01,1601562600,17.52199935913086,21.676000595092773,16.007333755493164,16.59666633605957,280258500.0
2020-11-01,1604241000,17.142000198364258,27.150667190551758,16.423999786376953,27.064666748046875,244285500.0
2020-12-01,1606833000,27.746000289916992,32.27333450317383,27.266666412353516,31.09866714477539,190731000.0
2021-01-01,1609511400,31.672000885009766,43.521331787109375,29.930667877197266,33.400665283203125,246048000.0
2021-02-01,1612189800,35.08599853515625,47.85266876220703,34.63666534423828,38.71066665649414,339031500.0
2021-03-01,1614609000,40.59199905395508,42.9900016784668,27.5,38.209999084472656,561466100.0
2021-04-01,1617287400,40.04999923706055,45.29999923706055,36.560001373291016,36.900001525878906,331342100.0
2021-05-01,1619879400,37.720001220703125,39.27000045776367,27.809999465942383,38.779998779296875,427585500.0
2021-06-01,1622557800,39.52000045776367,44.72999954223633,36.52000045776367,44.540000915527344,310306100.0
2021-07-01,1625149800,44.150001525878906,44.790000915527344,34.709999084472656,44.38999938964844,257811200.0
2021-08-01,1627828200,45.189998626708984,49.0,37.13999938964844,46.54999923706055,229429800.0
2021-09-01,1630506600,47.22999954223633,49.529998779296875,39.779998779296875,40.040000915527344,245055000.0
2021-10-01,1633098600,40.5,47.650001525878906,36.470001220703125,47.650001525878906,274880700.0
2021-11-01,1635777000,47.790000915527344,72.48999786376953,47.45000076293945,64.66999816894531,322484000.0
2021-12-01,1638369000,67.54000091552734,74.06999969482422,55.470001220703125,68.01000213623047,356507800.0
2022-01-01,1641047400,69.05000305175781,74.20999908447266,33.099998474121094,44.58000183105469,629505200.0
2022-02-01,1643725800,45.88999938964844,52.209999084472656,31.549999237060547,41.0099983215332,804258200.0
2022-03-01,1646145000,40.779998779296875,46.0,27.299999237060547,38.779998779296875,993665500.0
2022-04-01,1648823400,39.06999969482422,39.33000183105469,21.479999542236328,22.239999771118164,1103806800.0
2022-05-01,1651415400,22.3799991607666,28.139999389648438,17.65999984741211,24.860000610351562,1349344800.0
2022-06-01,1654093800,25.34000015258789,26.280000686645508,12.380000114440918,13.100000381469727,1165172000.0
2022-07-01,1656685800,12.489999771118164,19.989999771118164,10.529999732971191,19.829999923706055,1429815700.0
2022-08-01,1659364200,19.40999984741211,22.270000457763672,13.65999984741211,14.039999961853027,1394445100.0
2022-09-01,1662042600,13.029999732971191,15.050000190734863,8.739999771118164,8.859999656677246,2032678100.0
2022-10-01,1664634600,9.09000015258789,11.920000076293945,6.210000038146973,8.920000076293945,3103110500.0
2022-11-01,1667313000,9.40999984741211,14.4399995803833,7.53000020980835,13.819999694824219,2565422800.0
2022-12-01,1669905000,14.09000015258789,14.90999984741211,8.739999771118164,9.670000076293945,2034103700.0
2023-01-01,1672583400,10.170000076293945,15.359999656677246,9.1899995803833,14.520000457763672,1968469900.0
2023-02-01,1675261800,14.729999542236328,18.399999618530273,13.539999961853027,14.649999618530273,1633245000.0
2023-03-01,1677681000,14.8100004196167,18.34000015258789,13.149999618530273,18.299999237060547,1963789200.0
2023-04-01,1680359400,17.920000076293945,18.15999984741211,12.520000457763672,14.229999542236328,1243481300.0
2023-05-01,1682951400,14.460000038146973,24.799999237060547,13.220000267028809,21.149999618530273,1512851300.0
2023-06-01,1685629800,21.479999542236328,26.790000915527344,20.43000030517578,24.829999923706055,1165191300.0
2023-07-01,1688221800,25.260000228881836,28.75,22.040000915527344,28.40999984741211,942846900.0
2023-08-01,1690900200,27.809999465942383,28.719999313354492,19.110000610351562,23.860000610351562,1356854900.0
2023-09-01,1693578600,24.350000381469727,24.579999923706055,16.889999389648438,18.8700008392334,1186518200.0
2023-10-01,1696170600,18.950000762939453,21.56999969482422,14.010000228881836,14.899999618530273,1825724600.0
2023-11-01,1698849000,14.949999809265137,24.420000076293945,14.930000305175781,22.809999465942383,1383799400.0
2023-12-01,1701441000,22.3799991607666,32.779998779296875,21.290000915527344,31.399999618530273,1174841900.0
2024-01-01,1704119400,29.889999389648438,39.529998779296875,24.799999237060547,32.099998474121094,1538453900.0
2024-02-01,1706797800,32.279998779296875,43.130001068115234,31.200000762939453,42.84000015258789,1327281900.0
2024-03-01,1709303400,44.400001525878906,56.9900016784668,38.95000076293945,46.529998779296875,1537470700.0
2024-04-01,1711981800,46.72999954223633,49.9900016784668,30.200000762939453,38.18000030517578,1523444500.0
2024-05-01,1714573800,36.08000183105469,54.88999938964844,33.650001525878906,48.59000015258789,1150962800.0
2024-06-01,1717252200,50.810001373291016,66.19000244140625,46.119998931884766,55.36000061035156,942725700.0
2024-07-01,1719844200,55.36000061035156,70.08000183105469,36.779998779296875,44.38999938964844,1510720200.0
2024-08-01,1722522600,42.04999923706055,43.41999816894531,23.5,38.790000915527344,2492676000.0
2024-09-01,1725201000,36.189998626708984,40.5099983215332,25.5,36.68000030517578,2018601200.0
2024-10-01,1727793000,36.59000015258789,41.189998626708984,29.229999542236328,30.09000015258789,1849093200.0
2024-11-01,1730471400,30.690000534057617,36.369998931884766,25.579999923706055,28.059999465942383,1551598200.0
2024-12-01,1733063400,28.559999465942383,32.95000076293945,25.59000015258789,27.309999465942383,1495941600.0
2025-01-01,1735741800,28.1299991607666,36.150001525878906,23.75,27.020000457763672,1657131500.0
2025-02-01,1738420200,24.799999237060547,32.63999938964844,21.020000457763672,22.729999542236328,1359544300.0
2025-03-01,1740839400,23.719999313354492,23.729999542236328,14.399999618530273,15.949999809265137,2408675300.0
2025-04-01,1743517800,15.729999542236328,16.889999389648438,7.230000019073486,12.15999984741211,7437589800.0
2025-05-01,1746109800,12.539999961853027,19.3700008392334,12.050000190734863,16.170000076293945,3484585900.0
2025-06-01,1748788200,16.059999465942383,25.84000015258789,16.040000915527344,25.110000610351562,2593738800.0
2025-07-01,1751380200,24.3799991607666,28.5,23.579999923706055,24.979999542236328,2064989200.0
2025-08-01,1754058600,23.579999923706055,29.65999984741211,22.56999969482422,26.040000915527344,1864506100.0
2025-09-01,1756737000,24.079999923706055,35.4900016784668,23.799999237060547,34.84000015258789,1520851400.0
2025-10-01,1759329000,34.18000030517578,50.7599983215332,33.97999954223633,47.779998779296875,1951066700.0
2025-11-01,1762007400,49.5,50.189998626708984,28.1200008392334,41.2599983215332,2139800400.0
2025-12-01,1764599400,39.58000183105469,50.09000015258789,35.70000076293945,42.029998779296875,1687624900.0
2026-01-01,1767277800,45.130001068115234,71.9800033569336,45.08000183105469,61.790000915527344,1522050400.0
2026-02-01,1769956200,59.459999084472656,72.36000061035156,49.33000183105469,62.77000045776367,1564152500.0
2026-03-01,1772375400,58.11000061035156,62.81999969482422,39.52000045776367,47.90999984741211,2213847700.0
2026-04-01,1775053800,50.040000915527344,130.1199951171875,46.04999923706055,126.9800033569336,1631689800.0
2026-05-01,1777645800,124.38999938964844,242.66000366210938,121.66000366210938,224.33999633789062,1160440800.0
2026-06-01,1780324200,217.27000427246094,302.0,157.55999755859375,266.7099914550781,1260518000.0
2026-07-01,1782916200,237.7899932861328,246.47000122070312,91.5,114.72000122070312,1640647000.0
2026-08-01,1785594600,106.1500015258789,156.9199981689453,102.08999633789062,112.79000091552734,1203142200.0
2026-09-01,1788273000,106.36000061035156,153.89999389648438,98.62000274658203,147.86000061035156,1252121500.0
2026-10-01,1790865000,148.55999755859375,169.75,144.30999755859375,163.7100067138672,136328200.0
2026-10-02,1790951400,165.38999938964844,169.75,162.39999389648438,163.7100067138672,61952497.0
